threshold,precision,recall,f1,tp,fp,tn,fn,predicted_positive_rate,accuracy
0.05,0.7358606472033651,0.9993212957595125,0.8475897509699161,70675,25369,1468,48,0.9844608446084461,0.7394731447314473
0.06,0.7380619151069518,0.9991798990427442,0.8489970985240318,70665,25079,1758,58,0.9813858138581386,0.7423431734317343
0.07,0.740100565681961,0.9989678039675919,0.8502674762159788,70650,24810,2027,73,0.9784747847478474,0.7449466994669947
0.08,0.7418809343752626,0.9987274295490859,0.8513538760087024,70633,24575,2262,90,0.9758917589175892,0.7471812218122181
0.09,0.7439422671723557,0.998472915458903,0.8526167722149441,70615,24305,2532,108,0.972939729397294,0.7497642476424764
0.09999999999999999,0.7458293273040392,0.9981477030103361,0.8537358198485838,70592,24057,2780,131,0.9701619516195162,0.7520705207052071
0.10999999999999999,0.7477160480742735,0.9975538367999095,0.8547526305905729,70550,23804,3033,173,0.9671381713817138,0.7542332923329234
0.12,0.7497847187523256,0.9972286243513425,0.8559829111696382,70527,23536,3301,196,0.9641553915539155,0.7567445674456744
0.13,0.7516311300639659,0.9968892722310988,0.857059499279736,70503,23297,3540,220,0.9614596145961459,0.7589483394833948
0.13999999999999999,0.7535717341089914,0.99639438372241,0.8581362072639815,70468,23044,3793,255,0.9585075850758508,0.7611828618286183
0.14999999999999997,0.7552677010841009,0.995913634885398,0.8590559824368825,70434,22823,4014,289,0.9558938089380894,0.76309963099631
0.15999999999999998,0.7572670353077866,0.9953056290032946,0.860120847767249,70391,22563,4274,332,0.9527880278802788,0.7653239032390324
0.16999999999999998,0.7589905158554612,0.9946410644344839,0.8609825952853052,70344,22337,4500,379,0.949989749897499,0.7671586715867159
0.18,0.7607571100818147,0.9939764998656732,0.8618683602346638,70297,22107,4730,426,0.9471504715047151,0.7690344403444035
0.19,0.7623595810495468,0.9931705385800942,0.8625919512704319,70240,21895,4942,483,0.9443931939319393,0.7706232062320624
0.19999999999999996,0.7640980411372075,0.9922373202494238,0.8633505985408644,70174,21665,5172,549,0.941359163591636,0.7723042230422305
0.20999999999999996,0.7661945974298453,0.9914172192921681,0.8643757512250747,70116,21396,5441,607,0.9380073800738007,0.7744669946699467
0.21999999999999997,0.7677403092704418,0.990540559648205,0.8650243872322035,70054,21193,5644,669,0.9352911029110291,0.7759122591225912
0.22999999999999998,0.7693880242680031,0.9898052967210101,0.865788122963137,70002,20982,5855,721,0.9325953259532596,0.7775420254202542
0.24,0.7710039797594506,0.9888862180620166,0.8664577035531988,69937,20772,6065,786,0.9297765477654777,0.7790282902829029
0.24999999999999994,0.7727333053153134,0.9879247203879926,0.8671784337940065,69869,20549,6288,854,0.9267937679376794,0.7806170561705617
0.25999999999999995,0.7745153522642787,0.9869066640272612,0.8679059935339468,69797,20320,6517,926,0.9237084870848709,0.7822263222632226
0.26999999999999996,0.7762114733654017,0.9856765125913777,0.8684926898854427,69710,20098,6739,1013,0.9205412054120541,0.783610086100861
0.27999999999999997,0.77798761817491,0.9843898024687867,0.8691022352052631,69619,19867,6970,1104,0.917240672406724,0.7850451004510045
0.29,0.7799544470250317,0.982919276614397,0.8697528933375039,69515,19612,7225,1208,0.9135608856088561,0.7865928659286593
0.3,0.7818437799177789,0.9815194491183915,0.8703764074529178,69416,19369,7468,1307,0.9100553505535055,0.7880688806888069
0.30999999999999994,0.7838553153947949,0.9799216662189104,0.8709908505932032,69303,19110,7727,1420,0.9062423124231243,0.7895653956539566
0.31999999999999995,0.7855861583524443,0.9784087213494903,0.871458707219546,69196,18886,7951,1527,0.902849528495285,0.7907646576465764
0.32999999999999996,0.787107505810509,0.9768533574650397,0.8717751348622985,69086,18686,8151,1637,0.8996719967199672,0.7916871668716687
0.33999999999999997,0.789085208156913,0.9750010604753757,0.8722463616871905,68955,18431,8406,1768,0.8957154571545716,0.7929581795817958
0.3499999999999999,0.790917865514547,0.9732618808591265,0.8726664173285748,68832,18196,8641,1891,0.8920459204592046,0.7941061910619106
0.35999999999999993,0.7928185720219689,0.9715651202579076,0.8731375999898342,68712,17956,8881,2011,0.8883558835588355,0.7953362033620336
0.36999999999999994,0.7945051506969953,0.9694865885214146,0.8733171147992002,68565,17734,9103,2158,0.8845735957359574,0.7961049610496105
0.37999999999999995,0.7962394117099507,0.967606012188397,0.8735981412805505,68432,17512,9325,2291,0.8809348093480934,0.7970172201722017
0.38999999999999996,0.7982390496012722,0.9652729663617211,0.8738455630580179,68267,17255,9582,2456,0.8766092660926609,0.7979602296022961
0.3999999999999999,0.7999435997461989,0.962628847758155,0.873778308273813,68080,17026,9811,2643,0.8723452234522345,0.7983907339073391
0.4099999999999999,0.8019320248470677,0.9601685448863877,0.87394547010637,67906,16772,10065,2817,0.8679581795817958,0.799210742107421
0.41999999999999993,0.8037945395650162,0.9578637784030655,0.8740919472006813,67743,16536,10301,2980,0.8638683886838868,0.799958999589996
0.42999999999999994,0.8057901517320355,0.9551489614411154,0.8741354210475235,67551,16281,10556,3172,0.8592865928659287,0.8006047560475604
0.43999999999999995,0.8077033733726534,0.952688658569348,0.8742255467396735,67377,16041,10796,3346,0.8550430504305043,0.8012812628126281
0.4499999999999999,0.8095450436878577,0.9497900258755991,0.8740777368605968,67172,15803,11034,3551,0.8505022550225503,0.8016195161951619
0.4599999999999999,0.8115989475343446,0.9464389236881919,0.8738478811457219,66935,15538,11299,3788,0.8453567035670356,0.8019065190651906
0.4699999999999999,0.8133704055998634,0.9430878215007847,0.873439188083156,66698,15304,11533,4025,0.8405289052890529,0.8018757687576876
0.4799999999999999,0.8153865030674846,0.9396377416116398,0.8731137870098474,66454,15046,11791,4269,0.8353833538335383,0.8020192701927019
0.48999999999999994,0.8175160848142065,0.9360462650057265,0.8727752142386289,66200,14777,12060,4523,0.8300225502255023,0.8021730217302173
0.49999999999999994,0.81986125960367,0.932483067743167,0.8725531056290975,65948,14490,12347,4775,0.8244977449774498,0.8025317753177532
0.5099999999999999,0.8218800851170359,0.9284108423002417,0.8719034877467416,65660,14230,12607,5063,0.818880688806888,0.8022447724477245
0.5199999999999999,0.8239757016648392,0.9244517342307311,0.8713267142000399,65380,13967,12870,5343,0.8133148831488315,0.802070520705207
0.5299999999999999,0.826389594553399,0.9199270392941475,0.870653257589444,65060,13668,13169,5663,0.806970069700697,0.8018552685526855
0.5399999999999999,0.8283685220729367,0.9153599253425335,0.8696943031980279,64737,13413,13424,5986,0.8010455104551045,0.8011582615826158
0.5499999999999999,0.8307335010644474,0.9103969005839685,0.8687427476590118,64386,13119,13718,6337,0.7944341943419434,0.8005740057400574
0.5599999999999999,0.8330211503941309,0.9055187138554642,0.867758348520674,64041,12837,14000,6682,0.7880073800738008,0.7999282492824928
0.57,0.8356189551318224,0.9003435940217468,0.8667746590073779,63675,12526,14311,7048,0.7810680606806069,0.7993644936449364
0.58,0.8379598972267105,0.8946311666643101,0.8653687025145491,63271,12235,14602,7452,0.7739442394423944,0.7982062320623207
0.59,0.8401229207027857,0.8890884153669952,0.8639123983293031,62879,11966,14871,7844,0.7671689216892169,0.7969454694546946
0.6,0.8423800850030359,0.8827821217991318,0.8621080103287811,62433,11682,15155,8290,0.7596863468634686,0.7952849528495285
0.61,0.8450527578591488,0.8764899679029453,0.8604843243543383,61988,11366,15471,8735,0.7518860188601886,0.7939626896268963
0.62,0.8474468847309102,0.8696746461547162,0.8584168986957523,61506,11072,15765,9217,0.7439319393193932,0.7920356703567035
0.63,0.8499651665041104,0.8625482516295971,0.8562104805148323,61002,10768,16069,9721,0.735649856498565,0.7899856498564986
0.6399999999999999,0.8525854291192061,0.8551532033426184,0.8538673857644061,60479,10457,16380,10244,0.7271012710127102,0.7878126281262813
0.6499999999999999,0.8550652313395595,0.8479561104591151,0.8514958326825598,59970,10165,16672,10753,0.718890938909389,0.7855883558835588
0.6599999999999999,0.8575592721395691,0.8402924084102767,0.8488380397366129,59428,9871,16966,11295,0.7103218532185321,0.7830463304633046
0.6699999999999999,0.8601493649796121,0.83217623686778,0.8459316114009745,58854,9569,17268,11869,0.7013427634276342,0.7802583025830259
0.6799999999999999,0.8632458340134439,0.8225753997992167,0.84242002983043,58175,9216,17621,12548,0.6907646576465765,0.7769167691676917
0.69,0.8660852800747066,0.8130594007607144,0.8387350856209341,57502,8891,17946,13221,0.6805350553505535,0.7733497334973349
0.7,0.8686203994184712,0.8025677643765112,0.8342887379839492,56760,8585,18252,13963,0.6697929479294793,0.7688806888068881
0.71,0.8713116284860558,0.7916377981703265,0.8295660806495825,55987,8269,18568,14736,0.658630586305863,0.7641963919639196
0.72,0.8737911713964641,0.780608854262404,0.8245758155096188,55207,7974,18863,15516,0.6476117261172611,0.7592250922509225
0.73,0.8768536428110896,0.7691981392192073,0.8195054344960568,54400,7640,19197,16323,0.6359163591635917,0.7543767937679376
0.74,0.8799099365611543,0.7570238819054621,0.8138543273871505,53539,7307,19530,17184,0.6236777367773678,0.7489647396473965
0.7499999999999999,0.883209963576548,0.7440153839627844,0.8076592478894858,52619,6958,19879,18104,0.6106703567035671,0.7431119311193112
0.7599999999999999,0.8868938288558922,0.7305402768547714,0.8011598877327917,51666,6589,20248,19057,0.597119721197212,0.7371258712587125
0.7699999999999999,0.8904323972638872,0.7160046943709967,0.7937488243777039,50638,6231,20606,20085,0.5829130791307913,0.7302583025830258
0.7799999999999999,0.8935080855973607,0.7007904076467344,0.7855014580956003,49562,5907,20930,21161,0.5685629356293563,0.722550225502255
0.7899999999999999,0.8967521051170537,0.6851519307721675,0.7767998845765401,48456,5579,21258,22267,0.5538642886428864,0.7145756457564576
0.7999999999999999,0.9003317824727328,0.667632877564583,0.7667151103785916,47217,5227,21610,23506,0.5375563755637557,0.7054838048380484
0.8099999999999999,0.9039313345276296,0.6492513043847122,0.7557109940750494,45917,4880,21957,24806,0.5206744567445675,0.6957154571545715
0.82,0.9079000977835724,0.6301627476210002,0.7439550625568604,44567,4521,22316,26156,0.5031570315703157,0.6855576055760557
0.83,0.9119527479041409,0.609094636822533,0.7303724175349062,43077,4159,22678,27646,0.4841738417384174,0.6739954899548996
0.84,0.9154665962038138,0.5878568499639438,0.7159647657507944,41575,3839,22998,29148,0.46549815498154984,0.661879868798688
0.8499999999999999,0.9201124786797584,0.5644556933388006,0.6996818831117616,39920,3466,23371,30803,0.4447109471094711,0.6487392373923739
0.8599999999999999,0.9237013771442377,0.5405879275483223,0.6820261700248856,38232,3158,23679,32491,0.4242517425174252,0.6345940959409594
0.8699999999999999,0.9282034278718629,0.5145850713346436,0.6621062302717159,36393,2815,24022,34330,0.4018860188601886,0.619259942599426
0.8799999999999999,0.9323025264697121,0.48681475616136194,0.6396351205737004,34429,2500,24337,36294,0.3785260352603526,0.6023575235752358
0.8899999999999999,0.9371436839820576,0.45788498791058074,0.6151902581735975,32383,2172,24665,38340,0.35419229192291923,0.5847478474784747
0.8999999999999999,0.9412862876878558,0.4277533475672695,0.5882055569598102,30252,1887,24950,40471,0.3294280442804428,0.5658261582615827
0.9099999999999999,0.9465672147821664,0.3947654935452399,0.5571653794727494,27919,1576,25261,42804,0.30232677326773266,0.5451004510045101
0.9199999999999999,0.9507882882882883,0.3581437439022666,0.5203003194231896,25329,1311,25526,45394,0.2730627306273063,0.5212689626896269
0.9299999999999999,0.955579081092526,0.3190758310592028,0.4784074286077721,22566,1049,25788,48157,0.2420561705617056,0.49563345633456335
0.94,0.9600468887369347,0.27792938647964593,0.43106681140827,19656,818,26019,51067,0.20986059860598605,0.46817343173431736
0.95,0.9650617069355119,0.23551037144917494,0.37862290013866473,16656,603,26234,54067,0.17690651906519064,0.4396268962689627
